"Eldon Base for stackable storage shelf, platinum"
1.7 Cubic Foot Compact "Cube" Office Refrigerators
"Cardinal Slant-D® Ring Binder, Heavy Gauge Vinyl"
R380
Holmes HEPA Air Purifier
G.E. Longer-Life Indoor Recessed Floodlight Bulbs
"Angle-D Binders with Locking Rings, Label Holders"
"SAFCO Mobile Desk Side File, Wire Frame"
"SAFCO Commercial Wire Shelving, Black"
Xerox 198
Xerox 1980
Advantus Map Pennant Flags and Round Head Tacks
Holmes HEPA Air Purifier
"DS/HD IBM Formatted Diskettes, 200/Pack - Staples"
Wilson Jones 1" Hanging DublLock® Ring Binders
Ultra Commercial Grade Dual Valve Door Closer
#10-4 1/8" x 9 1/2" Premium Diagonal Seam Envelopes
Hon 4-Shelf Metal Bookcases
"Lesro Sheffield Collection Coffee Table, End Table, Center Table, Corner Table"
g520
LX 788
Avery 52
Plymouth Boxed Rubber Bands by Plymouth
"GBC Pre-Punched Binding Paper, Plastic, White, 8-1/2"" x 11"""
"Maxell 3.5"" DS/HD IBM-Formatted Diskettes, 10/Pack"
Newell 335
SANFORD Liquid Accent? Tank-Style Highlighters
Canon PC940 Copier
"Tenex Personal Project File with Scoop Front Design, Black"
Col-Erase® Pencils with Erasers
"Imation 3.5"" DS/HD IBM Formatted Diskettes, 10/Pack"
"White Dual Perf Computer Printout Paper, 2700 Sheets, 1 Part, Heavyweight, 20 lbs., 14 7/8 x 11"
Self-Adhesive Address Labels for Typewriters by Universal
Accessory37
Fuji 5.2GB DVD-RAM
Bevis Steel Folding Chairs
Avery Binder Labels
Hon Every-Day® Chair Series Swivel Task Chairs
"IBM Multi-Purpose Copy Paper, 8 1/2 x 11"", Case"
Global Troy? Executive Leather Low-Back Tilter
XtraLife® ClearVue? Slant-D® Ring Binders by Cardinal
Computer Printout Paper with Letter-Trim Perforations
6160
Avery 49
Hoover Portapower? Portable Vacuum
Timeport L7089
Avery 510
Xerox 1881
LX 788
"Cardinal Slant-D® Ring Binder, Heavy Gauge Vinyl"
"Memorex 4.7GB DVD-RAM, 3/Pack"
Unpadded Memo Slips
"Adams Telephone Message Book W/Dividers/Space For Phone Numbers, 5 1/4""X8 1/2"", 300/Messages"
"Eldon Expressions? Desk Accessory, Wood Pencil Holder, Oak"
Bell Sonecor JB700 Caller ID
Avery Arch Ring Binders
APC 7 Outlet Network SurgeArrest Surge Protector
"Deflect-o RollaMat Studded, Beveled Mat for Medium Pile Carpeting"
Accessory4
Personal Creations? Ink Jet Cards and Labels
High Speed Automatic Electric Letter Opener
Xerox 1966
Xerox 213
"Boston Electric Pencil Sharpener, Model 1818, Charcoal Black"
Hammermill CopyPlus Copy Paper (20Lb. and 84 Bright)
"Telephone Message Books with Fax/Mobile Section, 5 1/2"" x 3 3/16"""
Crate-A-Files?
"Angle-D Binders with Locking Rings, Label Holders"
"80 Minute CD-R Spindle, 100/Pack - Staples"
"Bush Westfield Collection Bookcases, Dark Cherry Finish, Fully Assembled"
12-1/2 Diameter Round Wall Clock
SAFCO Arco Folding Chair
"#10 White Business Envelopes,4 1/8 x 9 1/2"
3M Office Air Cleaner
"Global Leather and Oak Executive Chair, Black"
Xerox 1936
Xerox 214
Carina Double Wide Media Storage Towers in Natural & Black
Staples® General Use 3-Ring Binders
Xerox 1904
Luxo Professional Combination Clamp-On Lamps
Xerox 217
Revere Boxed Rubber Bands by Revere
"Acco Smartsocket? Table Surge Protector, 6 Color-Coded Adapter Outlets"
"Tennsco Snap-Together Open Shelving Units, Starter Sets and Add-On Units"
Hon 4070 Series Pagoda? Round Back Stacking Chairs
Xerox 1887
Xerox 1891
Avery 506
"Bush Heritage Pine Collection 5-Shelf Bookcase, Albany Pine Finish, *Special Order"
"Lifetime Advantage? Folding Chairs, 4/Carton"
Microsoft Natural Multimedia Keyboard
"Staples Wirebound Steno Books, 6"" x 9"", 12/Pack"
"GBC Pre-Punched Binding Paper, Plastic, White, 8-1/2"" x 11"""
Bevis Boat-Shaped Conference Table
Linden® 12" Wall Clock With Oak Frame
Newell 326
Prismacolor Color Pencil Set
Xerox Blank Computer Paper
600 Series Flip
